{
  "similarity": {
    "code": {
      "avg_similarity": 0.6085781677563985,
      "examples": [
        [
          "left_indexer,",
          0.6615521907806396
        ],
        [
          "right_indexer",
          0.6516517400741577
        ],
        [
          "random.randint(0,",
          0.6415725350379944
        ],
        [
          "frequent",
          0.6985722780227661
        ],
        [
          "or,",
          0.695268452167511
        ],
        [
          "keeping",
          0.69477778673172
        ],
        [
          "self.gen_mode",
          0.7055620551109314
        ],
        [
          "self._selection",
          0.697912871837616
        ],
        [
          "not",
          0.6938601136207581
        ],
        [
          "self.values)",
          0.6389839053153992
        ]
      ]
    },
    "doc": {
      "avg_similarity": 0.6141858957211177,
      "examples": [
        [
          "units",
          0.6368898749351501
        ],
        [
          "latest",
          0.6245707273483276
        ],
        [
          "partitions,",
          0.6212359070777893
        ],
        [
          "longest",
          0.6359637379646301
        ],
        [
          "substring",
          0.6239179968833923
        ],
        [
          "filters",
          0.6077548265457153
        ],
        [
          "(including",
          0.6100401878356934
        ],
        [
          "back",
          0.572839617729187
        ],
        [
          "timestamps",
          0.5444885492324829
        ],
        [
          "formatted",
          0.6308209896087646
        ]
      ]
    },
    "combined": {
      "avg_similarity": 0.6022755666573842,
      "examples": [
        [
          "bias_i,",
          0.7052179574966431
        ],
        [
          "dim=1)",
          0.702683687210083
        ],
        [
          "y1",
          0.6869850754737854
        ],
        [
          "tokenization",
          0.6700357794761658
        ],
        [
          "corner",
          0.6518710851669312
        ],
        [
          "stores",
          0.6507923603057861
        ],
        [
          "self._selection",
          0.715921938419342
        ],
        [
          "not",
          0.715395987033844
        ],
        [
          "input_path",
          0.7127377390861511
        ],
        [
          "``inferSchema``",
          0.5663437247276306
        ]
      ]
    }
  },
  "completion": {
    "code": {
      "accuracy": 0,
      "tests": 0
    },
    "doc": {
      "accuracy": 0.0,
      "tests": 20
    },
    "combined": {
      "accuracy": 0,
      "tests": 0
    }
  },
  "relevance": {
    "combined": {
      "avg_relevance": 0.18766688033634302,
      "tests": 1225
    }
  }
}
{claening the raw da }
